,id_pleito,tipo_interessado,interessado,cod_ibge,uf,num_pvl,status,num_processo,data_protocolo,tipo_operacao,finalidade,tipo_credor,credor,moeda,valor,pvl_assoc_divida,pvl_contradado_credor,data_status
0,18571,Estado,Bahia,29,BA,,Deferido,19407.000054/2002-09,2002-06-17T03:00:00Z,Operação contratual interna,Infraestrutura,Instituição Financeira Nacional,Caixa Econômica Federal,Real,179752.25,1,0,08/07/2002
1,18559,Estado,Bahia,29,BA,,Deferido,19407.000051/2002-67,2002-06-11T03:00:00Z,Operação contratual interna,Saneamento básico,Instituição Financeira Nacional,Caixa Econômica Federal,Real,19835970.0,1,0,08/07/2002
2,18567,Estado,Bahia,29,BA,,Deferido,19407.000053/2002-56,2002-06-17T03:00:00Z,Operação contratual interna,Saneamento básico,Instituição Financeira Nacional,Caixa Econômica Federal,Real,2039426.01,1,0,03/07/2002
3,18539,Estado,Bahia,29,BA,,Deferido,19407.000046/2002-54,2002-06-19T03:00:00Z,Operação contratual interna,Saneamento básico,Instituição Financeira Nacional,Caixa Econômica Federal,Real,1350000.0,1,0,03/07/2002
4,18555,Estado,Bahia,29,BA,,Deferido,19407.000050/2002-12,2002-06-11T03:00:00Z,Operação contratual interna,Saneamento básico,Instituição Financeira Nacional,Caixa Econômica Federal,Real,677473.26,1,0,05/07/2002
5,7078,Estado,Bahia,29,BA,,Deferido,17944.000492/2008-41,2008-03-24T03:00:00Z,Operação contratual interna,PAC - Pró-Moradia - 2008,Instituição Financeira Nacional,Caixa Econômica Federal,Real,52997490.0,1,0,09/04/2008
6,6768,Estado,Bahia,29,BA,,Encaminhado à PGFN com manifestação técnica favorável,17944.000425/2010-41,2011-11-25T02:00:00Z,Operação contratual externa (com garantia da União),Infraestrutura,Instituição Financeira Internacional,Banco Internacional para Reconstrução e Desenvolvimento,Dólar dos EUA,60000000.0,1,0,15/12/2011
7,18441,Estado,Bahia,29,BA,,Deferido,19407.000023/2005-92,2006-01-16T02:00:00Z,Operação contratual interna,Desenvolvimento sustentável,Instituição Financeira Nacional,Banco do Nordeste do Brasil S/A,Dólar dos EUA,15000000.0,1,0,21/02/2006
8,18550,Estado,Bahia,29,BA,,Deferido,19407.000048/2006-77,2006-07-11T03:00:00Z,Operação contratual interna,Segurança pública,Instituição Financeira Nacional,Banco do Brasil S/A,Dólar dos EUA,457205.74,1,0,20/07/2006
9,18583,Estado,Bahia,29,BA,,Deferido,19407.000057/2002-34,2002-06-17T03:00:00Z,Operação contratual interna,Saneamento básico,Instituição Financeira Nacional,Caixa Econômica Federal,Real,1303036.61,1,0,05/07/2002
10,44369,Estado,Bahia,29,BA,PVL02.000482/2021-11,Deferido,17944.101324/2021-40,2021-05-03T19:36:30Z,Concessão de garantia,Concessão de garantia a empresa estatal não dependente,Outras Organizações,Pessoa Jurídica,Real,499000000.0,0,0,17/05/2021
11,10198,Estado,Bahia,29,BA,,Deferido,17944.001142/2010-17,2010-08-03T03:00:00Z,Operação contratual interna,PMAE,Instituição Financeira Nacional,Banco Nacional de Desenvolvimento Econômico e Social,Real,9905400.0,1,0,16/08/2010
12,7433,Estado,Bahia,29,BA,,Encaminhado à PGFN com manifestação técnica favorável,17944.000575/2012-17,2012-08-20T03:00:00Z,Operação contratual externa (com garantia da União),Infraestrutura,Instituição Financeira Internacional,Banco Internacional para Reconstrução e Desenvolvimento,Dólar dos EUA,700000000.0,1,0,06/09/2012
13,18515,Estado,Bahia,29,BA,,Deferido,19407.000040/2002-87,2002-06-21T03:00:00Z,Operação contratual interna,Preservação e recuperação ambiental,Instituição Financeira Nacional,Caixa Econômica Federal,Real,18938000.0,1,0,08/07/2002
14,18503,Estado,Bahia,29,BA,,Deferido,19407.000037/2002-63,2002-06-11T03:00:00Z,Operação contratual interna,Saneamento básico,Instituição Financeira Nacional,Caixa Econômica Federal,Real,5285441.39,1,0,03/07/2002
15,18363,Estado,Bahia,29,BA,,Encaminhado à PGFN com manifestação técnica favorável,19407.000007/2005-08,2005-06-23T03:00:00Z,Operação contratual externa (com garantia da União),Desenvolvimento sustentável,Instituição Financeira Internacional,Banco Internacional para Reconstrução e Desenvolvimento,Dólar dos EUA,49296000.0,1,0,25/01/2006
16,10557,Estado,Bahia,29,BA,,Deferido,17944.001227/2013-48,2013-10-07T03:00:00Z,Operação contratual interna,PAC 2 - Mobilidade Grandes Cidades,Instituição Financeira Nacional,Caixa Econômica Federal,Real,600000000.0,1,0,16/10/2013
17,11514,Estado,Bahia,29,BA,,Deferido,17944.001466/2007-50,2007-10-26T02:00:00Z,Operação contratual interna,Segurança pública,Instituição Financeira Nacional,Banco do Brasil S/A,Dólar dos EUA,70000000.0,1,0,23/11/2007
18,12991,Estado,Bahia,29,BA,,Encaminhado à PGFN com manifestação técnica favorável,17944.001875/2008-37,2010-05-10T03:00:00Z,Operação contratual externa (com garantia da União),Desenvolvimento rural,Instituição Financeira Internacional,Banco Internacional para Reconstrução e Desenvolvimento,Dólar dos EUA,30000000.0,1,0,24/06/2010
19,8342,Estado,Bahia,29,BA,,Deferido,17944.000760/2009-14,2009-12-07T02:00:00Z,Operação contratual interna,Infraestrutura,Instituição Financeira Nacional,Banco do Brasil S/A,Dólar dos EUA,6289454.99,1,0,17/12/2009
20,18369,Estado,Bahia,29,BA,,Encaminhado à PGFN com manifestação técnica favorável,19407.000008/2006-25,2006-02-24T03:00:00Z,Operação contratual externa (com garantia da União),Infraestrutura,Instituição Financeira Internacional,Banco Internacional para Reconstrução e Desenvolvimento,Dólar dos EUA,100000000.0,1,0,08/08/2007
21,11283,Estado,Bahia,29,BA,,Encaminhado à PGFN com manifestação técnica favorável,17944.001402/2009-11,2010-03-02T03:00:00Z,Operação contratual interna (com garantia da União),PEF - Programa Emergencial de Financiamento dos Estados/DF,Instituição Financeira Nacional,Banco Nacional de Desenvolvimento Econômico e Social,Real,183279000.0,1,0,09/03/2010
22,18447,Estado,Bahia,29,BA,,Deferido,19407.000024/2006-18,2006-05-11T03:00:00Z,Operação contratual interna,Infraestrutura,Instituição Financeira Nacional,Banco do Brasil S/A,Dólar dos EUA,42000000.0,1,0,26/05/2006
23,8949,Estado,Bahia,29,BA,,Encaminhado à PGFN com manifestação técnica favorável,17944.000872/2014-24,2014-07-11T03:00:00Z,Operação contratual externa (com garantia da União),Saúde,Instituição Financeira Internacional,Banco Interamericano de Desenvolvimento,Dólar dos EUA,200000000.0,1,0,28/07/2014
24,18499,Estado,Bahia,29,BA,,Deferido,19407.000036/2002-19,2002-06-26T03:00:00Z,Operação contratual interna,Saneamento básico,Instituição Financeira Nacional,Caixa Econômica Federal,Real,2399000.0,1,0,03/07/2002
25,18507,Estado,Bahia,29,BA,,Deferido,19407.000038/2002-16,2002-06-20T03:00:00Z,Operação contratual interna,Saneamento básico,Instituição Financeira Nacional,Caixa Econômica Federal,Real,3330000.0,1,0,05/07/2002
26,18523,Estado,Bahia,29,BA,,Deferido,19407.000042/2002-76,2002-06-21T03:00:00Z,Operação contratual interna,Saneamento básico,Instituição Financeira Nacional,Caixa Econômica Federal,Real,11610000.0,1,0,05/07/2002
27,18476,Estado,Bahia,29,BA,,Encaminhado à PGFN com manifestação técnica favorável,19407.000030/2005-94,2005-12-30T02:00:00Z,Operação contratual externa (com garantia da União),Fortalecimento Institucional,Instituição Financeira Internacional,Banco Interamericano de Desenvolvimento,Dólar dos EUA,12000000.0,1,0,04/07/2006
28,10859,Estado,Bahia,29,BA,,Deferido,17944.001302/2013-71,2013-10-11T03:00:00Z,Operação contratual interna,PAC 2 - Mobilidade Grandes Cidades,Instituição Financeira Nacional,Caixa Econômica Federal,Real,400000000.0,1,0,18/10/2013
29,10528,Estado,Bahia,29,BA,,Encaminhado à PGFN com manifestação técnica favorável,17944.001222/2010-72,2010-12-20T02:00:00Z,Operação contratual interna (com garantia da União),PAC - Copa Estádios,Instituição Financeira Nacional,Banco Nacional de Desenvolvimento Econômico e Social,Real,323629000.0,1,0,28/12/2010
30,18511,Estado,Bahia,29,BA,,Deferido,19407.000039/2002-52,2002-06-11T03:00:00Z,Operação contratual interna,Saneamento básico,Instituição Financeira Nacional,Caixa Econômica Federal,Real,2307420.42,1,0,08/07/2002
31,18575,Estado,Bahia,29,BA,,Deferido,19407.000055/2002-45,2002-06-17T03:00:00Z,Operação contratual interna,Infraestrutura,Instituição Financeira Nacional,Caixa Econômica Federal,Real,9392072.94,1,0,05/07/2002
32,18579,Estado,Bahia,29,BA,,Deferido,19407.000056/2002-90,2002-06-19T03:00:00Z,Operação contratual interna,Saneamento básico,Instituição Financeira Nacional,Caixa Econômica Federal,Real,8667000.0,1,0,05/07/2002
33,18543,Estado,Bahia,29,BA,,Deferido,19407.000047/2002-07,2002-06-21T03:00:00Z,Operação contratual interna,Saneamento básico,Instituição Financeira Nacional,Caixa Econômica Federal,Real,1481000.0,1,0,03/07/2002
34,18551,Estado,Bahia,29,BA,,Deferido,19407.000049/2002-98,2002-06-21T03:00:00Z,Operação contratual interna,Saneamento básico,Instituição Financeira Nacional,Caixa Econômica Federal,Real,4994000.0,1,0,05/07/2002
35,8336,Estado,Bahia,29,BA,,Deferido,17944.000758/2013-13,2013-11-08T02:00:00Z,Operação contratual interna,PAC 2 - Pró-Transporte - Pavimentação e Qualificação de Vias,Instituição Financeira Nacional,Caixa Econômica Federal,Real,115100500.0,1,0,19/11/2013
36,18587,Estado,Bahia,29,BA,,Deferido,19407.000058/2002-89,2002-06-17T03:00:00Z,Operação contratual interna,Saneamento básico,Instituição Financeira Nacional,Caixa Econômica Federal,Real,1400868.5,1,0,08/07/2002
37,18368,Estado,Bahia,29,BA,,Deferido,19407.000008/2005-44,2005-06-30T03:00:00Z,Operação contratual interna,Segurança pública,Instituição Financeira Nacional,Banco do Brasil S/A,Dólar dos EUA,53839498.74,1,0,26/07/2005
38,18389,Estado,Bahia,29,BA,,Deferido,19407.000013/2002-12,2002-05-31T03:00:00Z,Operação contratual interna,Infraestrutura,Instituição Financeira Nacional,Banco Nacional de Desenvolvimento Econômico e Social,Real,59400000.0,1,0,18/06/2002
39,68346,Estado,Bahia,29,BA,PVL02.003796/2023-37,Encaminhado à PGFN com manifestação técnica favorável,17944.001584/2024-69,2024-05-03T13:12:30Z,Operação contratual interna (com garantia da União),Infraestrutura,Instituição Financeira Nacional,Caixa Econômica Federal,Real,400000000.0,0,1,16/05/2024
40,18356,Estado,Bahia,29,BA,,Encaminhado à PGFN com manifestação técnica favorável,19407.000006/2003-93,2003-03-31T03:00:00Z,Operação contratual externa (com garantia da União),Desenvolvimento sustentável,Instituição Financeira Internacional,Banco Internacional para Reconstrução e Desenvolvimento,Dólar dos EUA,60000000.0,1,0,30/10/2003
41,18354,Estado,Bahia,29,BA,,Encaminhado à PGFN com manifestação técnica favorável,19407.000005/2006-91,2006-01-31T02:00:00Z,Operação contratual externa (com garantia da União),Desenvolvimento sustentável,Instituição Financeira Internacional,Fundo Internacional de Desenvolvimento Agrícola,Dólar dos EUA,30000000.0,1,0,04/07/2006
42,42037,Estado,Bahia,29,BA,PVL02.007745/2019-06,Deferido,17944.101173/2020-49,2020-03-24T20:42:47Z,Operação contratual interna,Infraestrutura,Instituição Financeira Nacional,Banco do Brasil S/A,Real,250000000.0,1,1,25/03/2020
43,9412,Estado,Bahia,29,BA,,Deferido,17944.000975/2010-61,2010-06-30T03:00:00Z,Operação contratual interna,PAC - Copa Pró-Transporte,Instituição Financeira Nacional,Caixa Econômica Federal,Real,541800000.0,1,0,21/07/2010
44,10420,Estado,Bahia,29,BA,,Encaminhado à PGFN com manifestação técnica favorável,17944.001195/2012-08,2013-07-04T03:00:00Z,Operação contratual externa (com garantia da União),Profisco,Instituição Financeira Internacional,Banco Interamericano de Desenvolvimento,Dólar dos EUA,45270000.0,1,0,17/07/2013
45,60782,Estado,Bahia,29,BA,PVL02.007004/2022-12,Deferido,17944.102769/2022-28,2022-07-14T13:15:21Z,Operação contratual interna,Infraestrutura,Instituição Financeira Nacional,Banco de Brasília S/A,Real,200000000.0,0,0,15/07/2022
46,18597,Estado,Bahia,29,BA,,Encaminhado à PGFN com manifestação técnica favorável,19407.000060/2004-10,2005-04-27T03:00:00Z,Operação contratual externa (com garantia da União),Desenvolvimento rural,Instituição Financeira Internacional,Banco Internacional para Reconstrução e Desenvolvimento,Dólar dos EUA,54350000.0,1,0,23/11/2005
47,18535,Estado,Bahia,29,BA,,Deferido,19407.000045/2002-18,2002-06-19T03:00:00Z,Operação contratual interna,Saneamento básico,Instituição Financeira Nacional,Caixa Econômica Federal,Real,2975000.0,1,0,05/07/2002
48,18592,Estado,Bahia,29,BA,,Deferido,19407.000059/2003-12,2004-11-17T02:00:00Z,Operação contratual interna,Multissetorial,Instituição Financeira Nacional,Banco do Nordeste do Brasil S/A,Dólar dos EUA,10000000.0,1,0,03/12/2004
49,5620,Estado,Bahia,29,BA,,Deferido,17944.000156/2013-66,2013-09-04T03:00:00Z,Operação contratual interna,PAC - Contrapartida,Instituição Financeira Nacional,Caixa Econômica Federal,Real,126000000.0,1,0,13/09/2013
50,18519,Estado,Bahia,29,BA,,Deferido,19407.000041/2002-21,2002-06-11T03:00:00Z,Operação contratual interna,Multissetorial,Instituição Financeira Nacional,Caixa Econômica Federal,Real,6313312.5,1,0,05/07/2002
51,18547,Estado,Bahia,29,BA,,Deferido,19407.000048/2002-43,2002-06-11T03:00:00Z,Operação contratual interna,Saneamento básico,Instituição Financeira Nacional,Caixa Econômica Federal,Real,2400842.51,1,0,03/07/2002
52,6334,Estado,Bahia,29,BA,,Encaminhado à PGFN com manifestação técnica favorável,17944.000322/2013-24,2013-08-26T03:00:00Z,Operação contratual interna (com garantia da União),Multissetorial,Instituição Financeira Nacional,Banco do Brasil S/A,Real,1125480000.0,1,1,10/09/2013
53,18344,Estado,Bahia,29,BA,,Encaminhado à PGFN com manifestação técnica favorável,19407.000003/2006-01,2006-01-31T02:00:00Z,Operação contratual externa (com garantia da União),Fortalecimento Institucional,Instituição Financeira Internacional,Banco Interamericano de Desenvolvimento,Dólar dos EUA,10000000.0,1,0,04/07/2006
54,43670,Estado,Bahia,29,BA,PVL02.001988/2020-66,Deferido,17944.105210/2020-98,2021-01-04T19:42:50Z,Concessão de garantia,Concessão de garantia a empresa estatal não dependente,Instituição Financeira Internacional,Kreditanstalt für Wiederaufbau,Euro,60000000.0,0,0,07/01/2021
55,10431,Estado,Bahia,29,BA,,Encaminhado à PGFN com manifestação técnica favorável,17944.001198/2012-33,2013-07-04T03:00:00Z,Operação contratual externa (com garantia da União),Multissetorial,Instituição Financeira Internacional,Banco Interamericano de Desenvolvimento,Dólar dos EUA,50822905.0,1,0,09/08/2013
56,45396,Estado,Bahia,29,BA,PVL02.001082/2021-22,Encaminhado à PGFN com manifestação técnica favorável,17944.102529/2021-42,2022-06-14T16:50:29Z,Operação contratual interna (com garantia da União),Infraestrutura,Instituição Financeira Nacional,Banco do Brasil S/A,Real,228000000.0,0,1,20/06/2022
57,8858,Estado,Bahia,29,BA,,Encaminhado à PGFN com manifestação técnica favorável,17944.000853/2014-06,2014-07-10T03:00:00Z,Operação contratual externa (com garantia da União),Infraestrutura,Instituição Financeira Internacional,Banco Internacional para Reconstrução e Desenvolvimento,Dólar dos EUA,400000000.0,1,0,16/07/2014
58,64646,Estado,Bahia,29,BA,PVL02.000882/2023-98,Em retificação pelo interessado,17944.102176/2023-42,2024-06-26T19:13:54Z,Operação contratual externa (com garantia da União),Infraestrutura,Instituição Financeira Internacional,Corporação Andina de Fomento,Dólar dos EUA,150000000.0,0,0,09/07/2024
59,18591,Estado,Bahia,29,BA,,Deferido,19407.000059/2002-23,2002-06-21T03:00:00Z,Operação contratual interna,Saneamento básico,Instituição Financeira Nacional,Caixa Econômica Federal,Real,6779155.0,1,0,03/07/2002
60,19016,Estado,Bahia,29,BA,00000.000000/2009-87,Encaminhado à PGFN com manifestação técnica favorável,17944.000485/2015-79,2015-11-03T02:00:00Z,Operação contratual interna (com garantia da União),Aditivo contratual,Instituição Financeira Nacional,Banco do Brasil S/A,Real,562740000.0,1,0,09/11/2015
61,22572,Estado,Bahia,29,BA,00000.000000/2032-81,Arquivado pela STN,17944.000644/2016-16,2016-09-08T03:00:00Z,Operação contratual externa (com garantia da União),Infraestrutura,Instituição Financeira Internacional,Banco Europeu de Investimento,Dólar dos EUA,200000000.0,0,0,11/01/2019
62,18589,Estado,Bahia,29,BA,,Deferido,19407.000058/2004-41,2005-11-11T02:00:00Z,Operação contratual interna,Multissetorial,Instituição Financeira Nacional,Banco do Nordeste do Brasil S/A,Dólar dos EUA,14000000.0,1,0,08/12/2005
63,18595,Estado,Bahia,29,BA,,Deferido,19407.000060/2002-58,2002-06-21T03:00:00Z,Operação contratual interna,Infraestrutura,Instituição Financeira Nacional,Caixa Econômica Federal,Real,1400000.0,1,0,03/07/2002
64,23723,Estado,Bahia,29,BA,PVL02.000640/2016-75,Encaminhado à PGFN com manifestação técnica favorável,17944.001273/2016-90,2017-06-06T18:33:06Z,Operação contratual interna (com garantia da União),Infraestrutura,Instituição Financeira Nacional,Banco do Brasil S/A,Real,600000000.0,1,1,12/06/2017
65,18495,Estado,Bahia,29,BA,,Deferido,19407.000035/2002-74,2002-06-26T03:00:00Z,Operação contratual interna,Preservação e recuperação ambiental,Instituição Financeira Nacional,Caixa Econômica Federal,Real,36887000.0,1,0,08/07/2002
66,18633,Estado,Bahia,29,BA,,Deferido,19407.000073/2003-16,2004-01-30T02:00:00Z,Operação contratual interna,Saneamento básico,Instituição Financeira Nacional,Caixa Econômica Federal,Real,215013214.31,1,0,18/03/2004
67,18531,Estado,Bahia,29,BA,,Deferido,19407.000044/2002-65,2002-06-11T03:00:00Z,Operação contratual interna,Saneamento básico,Instituição Financeira Nacional,Caixa Econômica Federal,Real,7360876.68,1,0,05/07/2002
68,18372,Estado,Bahia,29,BA,,Deferido,19407.000009/2005-99,2005-06-30T03:00:00Z,Operação contratual interna,Segurança pública,Instituição Financeira Nacional,Banco do Brasil S/A,Dólar dos EUA,16160501.26,1,0,26/07/2005
69,18527,Estado,Bahia,29,BA,,Deferido,19407.000043/2002-11,2002-06-21T03:00:00Z,Operação contratual interna,Saneamento básico,Instituição Financeira Nacional,Caixa Econômica Federal,Real,8626204.0,1,0,05/07/2002
70,12327,Estado,Bahia,29,BA,,Encaminhado à PGFN com manifestação técnica favorável,17944.001659/2008-91,2009-03-24T03:00:00Z,Operação contratual externa (com garantia da União),Fortalecimento Institucional,Instituição Financeira Internacional,Banco Interamericano de Desenvolvimento,Dólar dos EUA,409000000.0,1,0,27/03/2009
71,20438,Estado,Bahia,29,BA,00000.000000/2017-83,Deferido,17944.001076/2015-90,2016-03-02T18:35:28Z,Operação contratual interna,Pró-Transporte,Instituição Financeira Nacional,Caixa Econômica Federal,Real,800000000.0,1,0,31/03/2016
72,8733,Estado,Bahia,29,BA,,Encaminhado à PGFN com manifestação técnica favorável,17944.000833/2010-01,2010-06-18T03:00:00Z,Operação contratual interna (com garantia da União),PEF - Programa Emergencial de Financiamento dos Estados/DF 2,Instituição Financeira Nacional,Banco Nacional de Desenvolvimento Econômico e Social,Real,563772000.0,1,0,30/06/2010
73,40577,Estado,Bahia,29,BA,PVL02.008660/2019-37,Encaminhado à PGFN com manifestação técnica favorável,17944.104392/2019-46,2021-12-22T20:28:31Z,Operação contratual externa (com garantia da União),Profisco,Instituição Financeira Internacional,Banco Interamericano de Desenvolvimento,Dólar dos EUA,40000000.0,0,0,30/12/2021
74,10659,Estado,Bahia,29,BA,,Encaminhado à PGFN com manifestação técnica favorável,17944.001253/2012-95,2012-11-07T02:00:00Z,Operação contratual externa (com garantia da União),Fortalecimento Institucional,Instituição Financeira Internacional,Banco Interamericano de Desenvolvimento,Dólar dos EUA,600000000.0,1,0,10/12/2012
75,67368,Estado,Bahia,29,BA,PVL02.004085/2023-80,Encaminhado à PGFN com manifestação técnica favorável,17944.105713/2023-14,2024-05-02T21:46:26Z,Operação contratual interna (com garantia da União),Infraestrutura,Instituição Financeira Nacional,Banco do Brasil S/A,Real,1600000000.0,0,1,20/05/2024
76,11497,Estado,Bahia,29,BA,,Encaminhado à PGFN com manifestação técnica favorável,17944.001461/2013-75,2014-07-18T03:00:00Z,Operação contratual externa (com garantia da União),Desenvolvimento rural,Instituição Financeira Internacional,Fundo Internacional de Desenvolvimento Agrícola,Direito Especial - SDR,29260000.0,1,0,28/07/2014
77,10860,Estado,Bahia,29,BA,,Arquivado a pedido,17944.001302/2014-51,2015-04-14T03:00:00Z,Operação contratual externa (com garantia da União),Fortalecimento Institucional,Instituição Financeira Internacional,Banco Interamericano de Desenvolvimento,Dólar dos EUA,50000000.0,0,0,02/10/2015
78,13126,Estado,Bahia,29,BA,,Encaminhado à PGFN com manifestação técnica favorável,17944.001925/2008-86,2011-01-13T02:00:00Z,Operação contratual externa (com garantia da União),Multissetorial,Instituição Financeira Internacional,Banco Interamericano de Desenvolvimento,Dólar dos EUA,10000000.0,1,0,24/01/2011
79,64270,Estado,Bahia,29,BA,PVL02.000163/2023-77,Encaminhado à PGFN com manifestação técnica favorável,17944.101777/2023-38,2023-05-22T19:52:46Z,Operação contratual interna (com garantia da União),Infraestrutura,Instituição Financeira Nacional,Banco do Brasil S/A,Real,1272000000.0,0,1,30/05/2023
80,8535,Estado,Bahia,29,BA,,Encaminhado à PGFN com manifestação técnica favorável,17944.000794/2009-09,2009-07-27T03:00:00Z,Operação contratual interna (com garantia da União),PEF - Programa Emergencial de Financiamento dos Estados/DF,Instituição Financeira Nacional,Banco Nacional de Desenvolvimento Econômico e Social,Real,192569000.0,1,0,29/07/2009
81,11491,Estado,Bahia,29,BA,,Encaminhado à PGFN com manifestação técnica favorável,17944.001460/2012-40,2013-01-10T02:00:00Z,Operação contratual interna (com garantia da União),Proinveste,Instituição Financeira Nacional,Banco Nacional de Desenvolvimento Econômico e Social,Real,1487691272.64,1,0,07/02/2013
82,6610,Estado,Bahia,29,BA,,Deferido,17944.000392/2013-82,2013-07-08T03:00:00Z,Operação contratual interna,PAC 2 - Saneamento,Instituição Financeira Nacional,Caixa Econômica Federal,Real,208049640.06,1,0,25/07/2013
83,8115,Estado,Bahia,29,BA,,Encaminhado à PGFN com manifestação técnica favorável,17944.000716/2014-63,2014-07-11T03:00:00Z,Operação contratual externa (com garantia da União),Desenvolvimento rural,Instituição Financeira Internacional,Banco Internacional para Reconstrução e Desenvolvimento,Dólar dos EUA,150000000.0,1,0,28/07/2014
84,5593,Estado,Bahia,29,BA,,Deferido,17944.000151/2004-42,2004-02-28T03:00:00Z,Operação contratual interna,Renegociação de dívidas,Instituição Financeira Nacional,Caixa Econômica Federal,Real,186364528.37,1,0,18/03/2004
85,10855,Estado,Bahia,29,BA,,Encaminhado à PGFN com manifestação técnica favorável,17944.001301/2014-15,2016-03-17T03:00:00Z,Operação contratual externa (com garantia da União),Infraestrutura,Instituição Financeira Internacional,Banco Internacional para Reconstrução e Desenvolvimento,Dólar dos EUA,200000000.0,1,0,29/03/2016
